title,year,month,day,link,description,category
تاج‌گذاری رسمی آقامحمدخان قاجار,1175,1,1,https://fa.wikipedia.org/wiki/%D8%A2%D9%82%D8%A7%D9%85%D8%AD%D9%85%D8%AF%D8%AE%D8%A7%D9%86_%D9%82%D8%A7%D8%AC%D8%A7%D8%B1,,Event
بنیان‌گذاری روزنامه آلیک,1310,1,1,https://fa.wikipedia.org/wiki/%D8%A2%D9%84%DB%8C%DA%A9,,Event
رضاشاه از دولت‌های خارجی خواست تا در مکاتبات رسمی از عبارت ایران که توسط خود ایرانیان از گذشته استفاده می‌شده، برای کشور استفاده کنند,1314,1,1,https://fa.wikipedia.org/wiki/%D9%86%D8%A7%D9%85%E2%80%8C%D9%87%D8%A7%DB%8C_%D8%A7%DB%8C%D8%B1%D8%A7%D9%86,,Event
طوفان ۱۳۹۷ گلستان,1397,1,1,https://fa.wikipedia.org/wiki/%D8%B7%D9%88%D9%81%D8%A7%D9%86_%DB%B1%DB%B3%DB%B9%DB%B7_%DA%AF%D9%84%D8%B3%D8%AA%D8%A7%D9%86,,Event
آغاز اعتصاب غذای گسترده زندانیان سیاسی,1400,1,1,https://fa.wikipedia.org/wiki/%D8%A7%D8%B9%D8%AA%D8%B5%D8%A7%D8%A8_%D8%BA%D8%B0%D8%A7%DB%8C_%DA%AF%D8%B3%D8%AA%D8%B1%D8%AF%D9%87_%D8%B2%D9%86%D8%AF%D8%A7%D9%86%DB%8C%D8%A7%D9%86_%D8%B3%DB%8C%D8%A7%D8%B3%DB%8C,,Event
بلدیه تهران,1300,1,2,https://fa.wikipedia.org/wiki/%D8%B4%D9%87%D8%B1%D8%AF%D8%A7%D8%B1%DB%8C_%D8%AA%D9%87%D8%B1%D8%A7%D9%86,,Event
مدرسه فیضیه قم,1342,1,2,https://fa.wikipedia.org/wiki/%D9%85%D8%AF%D8%B1%D8%B3%D9%87_%D9%81%DB%8C%D8%B6%DB%8C%D9%87,,Event
آغاز عملیات فتح‌المبین,1361,1,2,https://fa.wikipedia.org/wiki/%D8%B9%D9%85%D9%84%DB%8C%D8%A7%D8%AA_%D9%81%D8%AA%D8%AD%E2%80%8C%D8%A7%D9%84%D9%85%D8%A8%DB%8C%D9%86,,Event
عطامحمد نور,1397,1,2,https://fa.wikipedia.org/wiki/%D8%B9%D8%B7%D8%A7_%D9%85%D8%AD%D9%85%D8%AF_%D9%86%D9%88%D8%B1,,Event
حاجی فیروز,1400,1,2,https://fa.wikipedia.org/wiki/%D8%AD%D8%A7%D8%AC%DB%8C_%D9%81%DB%8C%D8%B1%D9%88%D8%B2,,Event
تیم ملی فوتبال ترکمنستان,1403,1,2,https://fa.wikipedia.org/wiki/%D8%AA%DB%8C%D9%85_%D9%85%D9%84%DB%8C_%D9%81%D9%88%D8%AA%D8%A8%D8%A7%D9%84_%D8%AA%D8%B1%DA%A9%D9%85%D9%86%D8%B3%D8%AA%D8%A7%D9%86,,Event
رقابت ۳ فروردین ۱۳۹۶ تیم ملی فوتبال ایران با تیم ملی فوتبال قطر در مرحله مقدماتی جام جهانی فوتبال ۲۰۱۸ (آسیا),1396,1,3,https://fa.wikipedia.org/wiki/%D8%AF%DB%8C%D8%AF%D8%A7%D8%B1%D9%87%D8%A7%DB%8C_%D9%81%D9%88%D8%AA%D8%A8%D8%A7%D9%84_%D8%A7%DB%8C%D8%B1%D8%A7%D9%86_%D9%88_%D9%82%D8%B7%D8%B1,,Event
پایان محاصره قندهار,1117,1,4,https://fa.wikipedia.org/wiki/%D9%85%D8%AD%D8%A7%D8%B5%D8%B1%D9%87_%D9%82%D9%86%D8%AF%D9%87%D8%A7%D8%B1_(%DB%B1%DB%B7%DB%B3%DB%B8%E2%80%93%DB%B1%DB%B7%DB%B3%DB%B7),,Event
رقابت ۴ فروردین ۱۴۰۱ تیم ملی فوتبال ایران با تیم ملی فوتبال کره جنوبی در مرحله مقدماتی جام جهانی فوتبال ۲۰۲۲ (آسیا),1401,1,4,https://fa.wikipedia.org/wiki/%D8%AF%DB%8C%D8%AF%D8%A7%D8%B1%D9%87%D8%A7%DB%8C_%D9%81%D9%88%D8%AA%D8%A8%D8%A7%D9%84_%D8%A7%DB%8C%D8%B1%D8%A7%D9%86_%D9%88_%DA%A9%D8%B1%D9%87_%D8%AC%D9%86%D9%88%D8%A8%DB%8C,,Event
زمین‌لرزه ۴ فروردین ۱۴۰۲ آذربایجان غربی,1402,1,4,https://fa.wikipedia.org/wiki/%D8%B2%D9%85%DB%8C%D9%86%E2%80%8C%D9%84%D8%B1%D8%B2%D9%87%E2%80%8C%D9%87%D8%A7%DB%8C_%DB%B1%DB%B4%DB%B0%DB%B1_%D8%A2%D8%B0%D8%B1%D8%A8%D8%A7%DB%8C%D8%AC%D8%A7%D9%86_%D8%BA%D8%B1%D8%A8%DB%8C,,Event
آغاز عملیات بیت‌المقدس ۴,1367,1,5,https://fa.wikipedia.org/wiki/%D8%B9%D9%85%D9%84%DB%8C%D8%A7%D8%AA_%D8%A8%DB%8C%D8%AA%E2%80%8C%D8%A7%D9%84%D9%85%D9%82%D8%AF%D8%B3_%DB%B4,,Event
سیل ۱۳۸۸ قم,1388,1,5,https://fa.wikipedia.org/wiki/%D8%B3%DB%8C%D9%84_%DB%B1%DB%B3%DB%B8%DB%B8_%D9%82%D9%85,,Event
رقابت ۵ فروردین ۱۳۹۵ تیم ملی فوتبال ایران با تیم ملی فوتبال هند در مرحله مقدماتی جام جهانی فوتبال ۲۰۱۸ (آسیا) و جام ملت‌های آسیا ۲۰۱۹,1395,1,5,https://fa.wikipedia.org/wiki/%D8%AF%DB%8C%D8%AF%D8%A7%D8%B1%D9%87%D8%A7%DB%8C_%D9%81%D9%88%D8%AA%D8%A8%D8%A7%D9%84_%D8%A7%DB%8C%D8%B1%D8%A7%D9%86_%D9%88_%D9%87%D9%86%D8%AF,,Event
طوفان ۱۳۹۷ اردبیل و ارومیه,1397,1,5,https://fa.wikipedia.org/wiki/%D8%B7%D9%88%D9%81%D8%A7%D9%86_%DB%B1%DB%B3%DB%B9%DB%B7_%D8%A7%D8%B1%D8%AF%D8%A8%DB%8C%D9%84_%D9%88_%D8%A7%D8%B1%D9%88%D9%85%DB%8C%D9%87,,Event
سیل ۵ فروردین ۱۳۹۸ شیراز,1398,1,5,https://fa.wikipedia.org/wiki/%D8%B3%DB%8C%D9%84_%DB%B1%DB%B3%DB%B9%DB%B8_%D8%B4%DB%8C%D8%B1%D8%A7%D8%B2,,Event
آغاز موج نخست سیل ۱۳۹۸ جنوب و غرب ایران,1398,1,5,https://fa.wikipedia.org/wiki/%D8%B3%DB%8C%D9%84_%DB%B1%DB%B3%DB%B9%DB%B8_%D8%AC%D9%86%D9%88%D8%A8_%D9%88_%D8%BA%D8%B1%D8%A8_%D8%A7%DB%8C%D8%B1%D8%A7%D9%86,,Event
آغاز موج نخست سیل ۱۳۹۸ لرستان,1398,1,5,https://fa.wikipedia.org/wiki/%D8%B3%DB%8C%D9%84_%DB%B1%DB%B3%DB%B9%DB%B8_%D9%84%D8%B1%D8%B3%D8%AA%D8%A7%D9%86,,Event
آغاز اعتراضات ۱۴۰۳ بازنشستگان ایران,1403,1,5,https://fa.wikipedia.org/wiki/%D8%A7%D8%B9%D8%AA%D8%B1%D8%A7%D8%B6%D8%A7%D8%AA_%DB%B1%DB%B4%DB%B0%DB%B3_%D8%A8%D8%A7%D8%B2%D9%86%D8%B4%D8%B3%D8%AA%DA%AF%D8%A7%D9%86_%D8%A7%DB%8C%D8%B1%D8%A7%D9%86,,Event
کشف پیکر بی‌جان سارا تبریزی,1403,1,5,https://fa.wikipedia.org/wiki/%D8%B3%D8%A7%D8%B1%D8%A7_%D8%AA%D8%A8%D8%B1%DB%8C%D8%B2%DB%8C,,Event
رقابت ۵ فروردین ۱۴۰۴ تیم ملی فوتبال ایران با تیم ملی فوتبال ازبکستان در مرحله مقدماتی جام جهانی فوتبال ۲۰۲۶ (آسیا),1404,1,5,https://fa.wikipedia.org/wiki/%D8%AF%DB%8C%D8%AF%D8%A7%D8%B1%D9%87%D8%A7%DB%8C_%D9%81%D9%88%D8%AA%D8%A8%D8%A7%D9%84_%D8%A7%DB%8C%D8%B1%D8%A7%D9%86_%D9%88_%D8%A7%D8%B2%D8%A8%DA%A9%D8%B3%D8%AA%D8%A7%D9%86,,Event
بازگشایی رسمی کنسول‌گری افغانستان در مشهد,1301,1,6,https://fa.wikipedia.org/wiki/%DA%A9%D9%86%D8%B3%D9%88%D9%84%E2%80%8C%DA%AF%D8%B1%DB%8C_%D8%A7%D9%81%D8%BA%D8%A7%D9%86%D8%B3%D8%AA%D8%A7%D9%86_%D8%AF%D8%B1_%D9%85%D8%B4%D9%87%D8%AF,,Event
حادثه ۶ فروردین ۱۳۹۵ فروند بالگرد اورژانس,1395,1,6,https://fa.wikipedia.org/wiki/%D9%81%D9%87%D8%B1%D8%B3%D8%AA_%D8%B3%D8%A7%D9%86%D8%AD%D9%87%E2%80%8C%D9%87%D8%A7%DB%8C_%D9%87%D9%88%D8%A7%DB%8C%DB%8C_%D8%AF%D8%B1_%D8%A7%DB%8C%D8%B1%D8%A7%D9%86,,Event
سیل ۶ فروردین ۱۳۹۸ شیراز,1398,1,6,https://fa.wikipedia.org/wiki/%D8%B3%DB%8C%D9%84_%DB%B1%DB%B3%DB%B9%DB%B8_%D8%B4%DB%8C%D8%B1%D8%A7%D8%B2,,Event
آغاز اعتراضات ۱۴۰۲ بازنشستگان ایران,1402,1,6,https://fa.wikipedia.org/wiki/%D8%A7%D8%B9%D8%AA%D8%B1%D8%A7%D8%B6%D8%A7%D8%AA_%DB%B1%DB%B4%DB%B0%DB%B2_%D8%A8%D8%A7%D8%B2%D9%86%D8%B4%D8%B3%D8%AA%DA%AF%D8%A7%D9%86_%D8%A7%DB%8C%D8%B1%D8%A7%D9%86,,Event
آغاز مرحله سوم عملیات فتح‌المبین,1361,1,7,https://fa.wikipedia.org/wiki/%D8%B9%D9%85%D9%84%DB%8C%D8%A7%D8%AA_%D9%81%D8%AA%D8%AD%E2%80%8C%D8%A7%D9%84%D9%85%D8%A8%DB%8C%D9%86,,Event
رقابت ۷ فروردین ۱۳۸۷ تیم ملی فوتبال ایران با تیم ملی فوتبال کویت در مرحله مقدماتی جام جهانی فوتبال ۲۰۱۰ (آسیا),1387,1,7,https://fa.wikipedia.org/wiki/%D8%AF%DB%8C%D8%AF%D8%A7%D8%B1%D9%87%D8%A7%DB%8C_%D9%81%D9%88%D8%AA%D8%A8%D8%A7%D9%84_%D8%A7%DB%8C%D8%B1%D8%A7%D9%86_%D9%88_%DA%A9%D9%88%DB%8C%D8%AA,,Event
برگزاری نخستین دوره جشن جهانی نوروز در تهران,1389,1,7,https://fa.wikipedia.org/wiki/%D8%AC%D8%B4%D9%86_%D8%AC%D9%87%D8%A7%D9%86%DB%8C_%D9%86%D9%88%D8%B1%D9%88%D8%B2,,Event
امضا شدن توافقنامه برنامه ۲۵ ساله همکاری‌های مشترک ایران و چین توسط محمدجواد ظریف از نظام جمهوری اسلامی ایران و وانگ یی از چین,1400,1,7,https://fa.wikipedia.org/wiki/%D8%A8%D8%B1%D9%86%D8%A7%D9%85%D9%87_%DB%B2%DB%B5_%D8%B3%D8%A7%D9%84%D9%87_%D9%87%D9%85%DA%A9%D8%A7%D8%B1%DB%8C%E2%80%8C%D9%87%D8%A7%DB%8C_%D9%85%D8%B4%D8%AA%D8%B1%DA%A9_%D8%A7%DB%8C%D8%B1%D8%A7%D9%86_%D9%88_%DA%86%DB%8C%D9%86,,Event
رقابت ۷ فروردین ۱۴۰۳ تیم ملی فوتبال ایران با تیم ملی فوتبال ترکمنستان در مرحله مقدماتی جام جهانی فوتبال ۲۰۲۶ (آسیا) و مرحله مقدماتی جام ملت‌های آسیا ۲۰۲۷,1403,1,7,https://fa.wikipedia.org/wiki/%D8%AF%DB%8C%D8%AF%D8%A7%D8%B1%D9%87%D8%A7%DB%8C_%D9%81%D9%88%D8%AA%D8%A8%D8%A7%D9%84_%D8%A7%DB%8C%D8%B1%D8%A7%D9%86_%D9%88_%D8%AA%D8%B1%DA%A9%D9%85%D9%86%D8%B3%D8%AA%D8%A7%D9%86,,Event
عبدالرحیم ربانی شیرازی,1360,1,8,https://fa.wikipedia.org/wiki/%D8%B9%D8%A8%D8%AF%D8%A7%D9%84%D8%B1%D8%AD%DB%8C%D9%85_%D8%B1%D8%A8%D8%A7%D9%86%DB%8C_%D8%B4%DB%8C%D8%B1%D8%A7%D8%B2%DB%8C,,Event
حادثه سقوط ۸ فروردین ۱۳۸۵ هواگرد باری آنتونوف ای‌ان-۱۲,1385,1,8,https://fa.wikipedia.org/wiki/%D9%81%D9%87%D8%B1%D8%B3%D8%AA_%D8%B3%D8%A7%D9%86%D8%AD%D9%87%E2%80%8C%D9%87%D8%A7%DB%8C_%D9%87%D9%88%D8%A7%DB%8C%DB%8C_%D8%AF%D8%B1_%D8%A7%DB%8C%D8%B1%D8%A7%D9%86,,Event
رقابت ۸ فروردین ۱۳۸۸ تیم ملی فوتبال ایران با تیم ملی فوتبال عربستان در مرحله مقدماتی جام جهانی فوتبال ۲۰۱۰ (آسیا),1388,1,8,https://fa.wikipedia.org/wiki/%D8%AF%DB%8C%D8%AF%D8%A7%D8%B1%D9%87%D8%A7%DB%8C_%D9%81%D9%88%D8%AA%D8%A8%D8%A7%D9%84_%D8%A7%DB%8C%D8%B1%D8%A7%D9%86_%D9%88_%D8%B9%D8%B1%D8%A8%D8%B3%D8%AA%D8%A7%D9%86,,Event
رقابت ۸ فروردین ۱۳۹۶ تیم ملی فوتبال ایران با تیم ملی فوتبال چین در مرحله مقدماتی جام جهانی فوتبال ۲۰۱۸ (آسیا),1396,1,8,https://fa.wikipedia.org/wiki/%D8%AF%DB%8C%D8%AF%D8%A7%D8%B1%D9%87%D8%A7%DB%8C_%D9%81%D9%88%D8%AA%D8%A8%D8%A7%D9%84_%D8%A7%DB%8C%D8%B1%D8%A7%D9%86_%D9%88_%DA%86%DB%8C%D9%86,,Event
روسی,1291,1,9,https://fa.wikipedia.org/wiki/%D8%B1%D9%88%D8%B3%DB%8C%D9%87,,Event
وثوق الدوله,1296,1,9,https://fa.wikipedia.org/wiki/%D9%88%D8%AB%D9%88%D9%82_%D8%A7%D9%84%D8%AF%D9%88%D9%84%D9%87,,Event
شورای عالی اقتصاد,1325,1,9,https://fa.wikipedia.org/w/index.php?title=%D8%B4%D9%88%D8%B1%D8%A7%DB%8C_%D8%B9%D8%A7%D9%84%DB%8C_%D8%A7%D9%82%D8%AA%D8%B5%D8%A7%D8%AF&action=edit&redlink=1,,Event
رآکتور اتمی,1354,1,9,https://fa.wikipedia.org/wiki/%D8%B1%D8%A2%DA%A9%D8%AA%D9%88%D8%B1_%D8%A7%D8%AA%D9%85%DB%8C,,Event
صدام حسین,1354,1,9,https://fa.wikipedia.org/wiki/%D8%B5%D8%AF%D8%A7%D9%85_%D8%AD%D8%B3%DB%8C%D9%86,,Event
حادثه ۹ فروردین ۱۳۸۷ هلیکوپتر نیروی انتظامی آذربایجان شرقی,1387,1,9,https://fa.wikipedia.org/wiki/%D9%81%D9%87%D8%B1%D8%B3%D8%AA_%D8%B3%D8%A7%D9%86%D8%AD%D9%87%E2%80%8C%D9%87%D8%A7%DB%8C_%D9%87%D9%88%D8%A7%DB%8C%DB%8C_%D8%AF%D8%B1_%D8%A7%DB%8C%D8%B1%D8%A7%D9%86,,Event
رقابت ۹ فروردین ۱۴۰۱ تیم ملی فوتبال ایران با تیم ملی فوتبال لبنان در مرحله مقدماتی جام جهانی فوتبال ۲۰۲۲ (آسیا),1401,1,9,https://fa.wikipedia.org/wiki/%D8%AF%DB%8C%D8%AF%D8%A7%D8%B1%D9%87%D8%A7%DB%8C_%D9%81%D9%88%D8%AA%D8%A8%D8%A7%D9%84_%D8%A7%DB%8C%D8%B1%D8%A7%D9%86_%D9%88_%D9%84%D8%A8%D9%86%D8%A7%D9%86,,Event
رقابت ۱۰ فروردین ۱۳۹۵ تیم ملی فوتبال ایران با تیم ملی فوتبال عمان در مرحله مقدماتی جام جهانی فوتبال ۲۰۱۸ (آسیا) و جام ملت‌های آسیا ۲۰۱۹,1395,1,10,https://fa.wikipedia.org/wiki/%D8%AF%DB%8C%D8%AF%D8%A7%D8%B1%D9%87%D8%A7%DB%8C_%D9%81%D9%88%D8%AA%D8%A8%D8%A7%D9%84_%D8%A7%DB%8C%D8%B1%D8%A7%D9%86_%D9%88_%D8%B9%D9%85%D8%A7%D9%86,,Event
فارسی,1304,1,11,https://fa.wikipedia.org/wiki/%D8%B2%D8%A8%D8%A7%D9%86_%D9%81%D8%A7%D8%B1%D8%B3%DB%8C,,Event
دولت ایران,1383,1,11,https://fa.wikipedia.org/wiki/%D9%82%D9%88%D9%87_%D9%85%D8%AC%D8%B1%DB%8C%D9%87_%D8%AC%D9%85%D9%87%D9%88%D8%B1%DB%8C_%D8%A7%D8%B3%D9%84%D8%A7%D9%85%DB%8C_%D8%A7%DB%8C%D8%B1%D8%A7%D9%86,,Event
زمین‌لرزه ۱۳۸۵ بروجرد,1385,1,11,https://fa.wikipedia.org/wiki/%D8%B2%D9%85%DB%8C%D9%86%E2%80%8C%D9%84%D8%B1%D8%B2%D9%87_%DB%B1%DB%B3%DB%B8%DB%B5_%D8%A8%D8%B1%D9%88%D8%AC%D8%B1%D8%AF,,Event
موج دوم سیل ۱۳۹۸ جنوب و غرب ایران,1398,1,11,https://fa.wikipedia.org/wiki/%D8%B3%DB%8C%D9%84_%DB%B1%DB%B3%DB%B9%DB%B8_%D8%AC%D9%86%D9%88%D8%A8_%D9%88_%D8%BA%D8%B1%D8%A8_%D8%A7%DB%8C%D8%B1%D8%A7%D9%86,,Event
آغاز موج دوم سیل ۱۳۹۸ لرستان,1398,1,11,https://fa.wikipedia.org/wiki/%D8%B3%DB%8C%D9%84_%DB%B1%DB%B3%DB%B9%DB%B8_%D9%84%D8%B1%D8%B3%D8%AA%D8%A7%D9%86,,Event
عمر خیام,1342,1,12,https://fa.wikipedia.org/wiki/%D8%B9%D9%85%D8%B1_%D8%AE%DB%8C%D8%A7%D9%85,,Event
برگزاری همه‌پرسی نظام جمهوری اسلامی در ایران,1358,1,12,https://fa.wikipedia.org/wiki/%D9%87%D9%85%D9%87%E2%80%8C%D9%BE%D8%B1%D8%B3%DB%8C_%D9%86%D8%B8%D8%A7%D9%85_%D8%AC%D9%85%D9%87%D9%88%D8%B1%DB%8C_%D8%A7%D8%B3%D9%84%D8%A7%D9%85%DB%8C_%D8%AF%D8%B1_%D8%A7%DB%8C%D8%B1%D8%A7%D9%86,,Event
حمله هوایی به کنسولگری ایران در دمشق,1403,1,13,https://fa.wikipedia.org/wiki/%D8%AD%D9%85%D9%84%D9%87_%D9%87%D9%88%D8%A7%DB%8C%DB%8C_%D8%A8%D9%87_%DA%A9%D9%86%D8%B3%D9%88%D9%84%DA%AF%D8%B1%DB%8C_%D8%A7%DB%8C%D8%B1%D8%A7%D9%86_%D8%AF%D8%B1_%D8%AF%D9%85%D8%B4%D9%82,,Event
رقابت ۱۴ فروردین ۱۳۷۹ تیم ملی فوتبال ایران با تیم ملی فوتبال سوریه در جام ملت‌های آسیا ۲۰۰۰,1379,1,14,https://fa.wikipedia.org/wiki/%D8%AF%DB%8C%D8%AF%D8%A7%D8%B1%D9%87%D8%A7%DB%8C_%D9%81%D9%88%D8%AA%D8%A8%D8%A7%D9%84_%D8%A7%DB%8C%D8%B1%D8%A7%D9%86_%D9%88_%D8%B3%D9%88%D8%B1%DB%8C%D9%87,,Event
حادثه کافه نوارس اهواز,1397,1,14,https://fa.wikipedia.org/wiki/%D8%AD%D8%A7%D8%AF%D8%AB%D9%87_%DA%A9%D8%A7%D9%81%D9%87_%D9%86%D9%88%D8%A7%D8%B1%D8%B3_%D8%A7%D9%87%D9%88%D8%A7%D8%B2,,Event
رقابت ۱۵ فروردین ۱۳۵۶ تیم ملی فوتبال ایران با تیم ملی فوتبال سوریه در مرحله مقدماتی جام جهانی فوتبال ۱۹۷۸ (آسیا و اقیانوسیه),1356,1,15,https://fa.wikipedia.org/wiki/%D8%AF%DB%8C%D8%AF%D8%A7%D8%B1%D9%87%D8%A7%DB%8C_%D9%81%D9%88%D8%AA%D8%A8%D8%A7%D9%84_%D8%A7%DB%8C%D8%B1%D8%A7%D9%86_%D9%88_%D8%B3%D9%88%D8%B1%DB%8C%D9%87,,Event
عملیات اچ۳,1360,1,15,https://fa.wikipedia.org/wiki/%D8%B9%D9%85%D9%84%DB%8C%D8%A7%D8%AA_%D8%A7%DA%86%DB%B3,,Event
شعبه دوم بازپرسی شهرستان رامهرمز با انتشار یک پرونده عادل کلاه‌کج را به همراه چند نفر به اختلال‌گری در اقتصاد ایران متهم کرد,1401,1,15,https://fa.wikipedia.org/wiki/%D8%B9%D8%A7%D8%AF%D9%84_%DA%A9%D9%84%D8%A7%D9%87%E2%80%8C%DA%A9%D8%AC,,Event
آغاز اعتراضات ۱۴۰۱ کشاورزان ایران,1401,1,15,https://fa.wikipedia.org/wiki/%D8%A7%D8%B9%D8%AA%D8%B1%D8%A7%D8%B6%D8%A7%D8%AA_%DB%B1%DB%B4%DB%B0%DB%B1_%DA%A9%D8%B4%D8%A7%D9%88%D8%B1%D8%B2%D8%A7%D9%86_%D8%A7%DB%8C%D8%B1%D8%A7%D9%86,,Event
آغاز قیام خیابانی,1299,1,16,https://fa.wikipedia.org/wiki/%D9%82%DB%8C%D8%A7%D9%85_%D8%AE%DB%8C%D8%A7%D8%A8%D8%A7%D9%86%DB%8C,,Event
ثبت رسمی خانه آیت‌الله مدرس با شماره ثبت ملی ۱۹۷۴ به‌عنوان یکی از آثار ملی ایران,1377,1,16,https://fa.wikipedia.org/wiki/%D8%AE%D8%A7%D9%86%D9%87_%D8%A2%DB%8C%D8%AA%E2%80%8C%D8%A7%D9%84%D9%84%D9%87_%D9%85%D8%AF%D8%B1%D8%B3_(%D8%A7%D8%B1%D8%AF%D8%B3%D8%AA%D8%A7%D9%86),,Event
سومین انتخابات ریاست جمهوری افغانستان,1393,1,16,https://fa.wikipedia.org/wiki/%D8%A7%D9%86%D8%AA%D8%AE%D8%A7%D8%A8%D8%A7%D8%AA_%D8%B1%DB%8C%D8%A7%D8%B3%D8%AA%E2%80%8C%D8%AC%D9%85%D9%87%D9%88%D8%B1%DB%8C_%D8%A7%D9%81%D8%BA%D8%A7%D9%86%D8%B3%D8%AA%D8%A7%D9%86_(%DB%B1%DB%B3%DB%B9%DB%B3),,Event
زمین‌لرزه ۱۳۹۶ فریمان,1396,1,16,https://fa.wikipedia.org/wiki/%D8%B2%D9%85%DB%8C%D9%86%E2%80%8C%D9%84%D8%B1%D8%B2%D9%87_%DB%B1%DB%B3%DB%B9%DB%B6_%D9%81%D8%B1%DB%8C%D9%85%D8%A7%D9%86,,Event
حادثه ۱۴۰۱ حرم امام رضا,1401,1,16,https://fa.wikipedia.org/wiki/%D8%AD%D8%A7%D8%AF%D8%AB%D9%87_%DB%B1%DB%B4%DB%B0%DB%B1_%D8%AD%D8%B1%D9%85_%D8%A7%D9%85%D8%A7%D9%85_%D8%B1%D8%B6%D8%A7,,Event
حمله به مقرهای نظامی چابهار، راسک و سرباز,1403,1,16,https://fa.wikipedia.org/wiki/%D8%AD%D9%85%D9%84%D9%87_%D8%A8%D9%87_%D9%85%D9%82%D8%B1%D9%87%D8%A7%DB%8C_%D9%86%D8%B8%D8%A7%D9%85%DB%8C_%DA%86%D8%A7%D8%A8%D9%87%D8%A7%D8%B1%D8%8C_%D8%B1%D8%A7%D8%B3%DA%A9_%D9%88_%D8%B3%D8%B1%D8%A8%D8%A7%D8%B2,,Event
شیخ محمد خیابانی,1299,1,17,https://fa.wikipedia.org/wiki/%D8%B4%DB%8C%D8%AE_%D9%85%D8%AD%D9%85%D8%AF_%D8%AE%DB%8C%D8%A7%D8%A8%D8%A7%D9%86%DB%8C,,Event
میرزا کوچک خان جنگلی,1298,1,18,https://fa.wikipedia.org/wiki/%D9%85%DB%8C%D8%B1%D8%B2%D8%A7_%DA%A9%D9%88%DA%86%DA%A9_%D8%AE%D8%A7%D9%86_%D8%AC%D9%86%DA%AF%D9%84%DB%8C,,Event
تبریز,1299,1,18,https://fa.wikipedia.org/wiki/%D8%AA%D8%A8%D8%B1%DB%8C%D8%B2,,Event
رضا پهلوی,1303,1,18,https://fa.wikipedia.org/wiki/%D8%B1%D8%B6%D8%A7%D8%B4%D8%A7%D9%87,,Event
فضل‌الله زاهدی,1334,1,18,https://fa.wikipedia.org/wiki/%D9%81%D8%B6%D9%84%E2%80%8C%D8%A7%D9%84%D9%84%D9%87_%D8%B2%D8%A7%D9%87%D8%AF%DB%8C,,Event
جنگ ایران و عراق,1366,1,18,https://fa.wikipedia.org/wiki/%D8%AC%D9%86%DA%AF_%D8%A7%DB%8C%D8%B1%D8%A7%D9%86_%D9%88_%D8%B9%D8%B1%D8%A7%D9%82,,Event
آغاز برگزاری کنفرانس برلین,1379,1,19,https://fa.wikipedia.org/wiki/%DA%A9%D9%86%D9%81%D8%B1%D8%A7%D9%86%D8%B3_%D8%A8%D8%B1%D9%84%DB%8C%D9%86,,Event
قطع رسمی روابط سیاسی ایالات متحده آمریکا و ایران,1359,1,20,https://fa.wikipedia.org/wiki/%D8%B1%D9%88%D8%A7%D8%A8%D8%B7_%D8%A7%DB%8C%D8%A7%D9%84%D8%A7%D8%AA_%D9%85%D8%AA%D8%AD%D8%AF%D9%87_%D8%A2%D9%85%D8%B1%DB%8C%DA%A9%D8%A7_%D9%88_%D8%A7%DB%8C%D8%B1%D8%A7%D9%86,,Event
آزادسازی ۲۰ فروردین ۱۳۶۰ قصر شیرین از نظامیان عراق,1360,1,20,https://fa.wikipedia.org/wiki/%D9%82%D8%B5%D8%B1_%D8%B4%DB%8C%D8%B1%DB%8C%D9%86,,Event
عملیات کربلای ۹,1366,1,20,https://fa.wikipedia.org/wiki/%D8%B9%D9%85%D9%84%DB%8C%D8%A7%D8%AA_%DA%A9%D8%B1%D8%A8%D9%84%D8%A7%DB%8C_%DB%B9,,Event
زمین‌لرزه ۱۳۹۲ دشتی,1392,1,20,https://fa.wikipedia.org/wiki/%D8%B2%D9%85%DB%8C%D9%86%E2%80%8C%D9%84%D8%B1%D8%B2%D9%87_%DB%B1%DB%B3%DB%B9%DB%B2_%D8%AF%D8%B4%D8%AA%DB%8C,,Event
استقلال تهران,1349,1,21,https://fa.wikipedia.org/wiki/%D8%A7%D8%B3%D8%AA%D9%82%D9%84%D8%A7%D9%84_%D8%AA%D9%87%D8%B1%D8%A7%D9%86,,Event
زمین‌لرزه ۱۳۵۱ قیر و کارزین,1351,1,21,https://fa.wikipedia.org/wiki/%D8%B2%D9%85%DB%8C%D9%86%E2%80%8C%D9%84%D8%B1%D8%B2%D9%87_%DB%B1%DB%B3%DB%B5%DB%B1_%D9%82%DB%8C%D8%B1_%D9%88_%DA%A9%D8%A7%D8%B1%D8%B2%DB%8C%D9%86,,Event
بنیان‌گذاری بنیاد مسکن انقلاب اسلامی,1358,1,21,https://fa.wikipedia.org/wiki/%D8%A8%D9%86%DB%8C%D8%A7%D8%AF_%D9%85%D8%B3%DA%A9%D9%86_%D8%A7%D9%86%D9%82%D9%84%D8%A7%D8%A8_%D8%A7%D8%B3%D9%84%D8%A7%D9%85%DB%8C,,Event
حادثه ۱۴۰۰ نطنز,1400,1,21,https://fa.wikipedia.org/wiki/%D8%AD%D8%A7%D8%AF%D8%AB%D9%87_%DB%B1%DB%B4%DB%B0%DB%B0_%D9%86%D8%B7%D9%86%D8%B2,,Event
رقابت ۲۳ فروردین ۱۳۷۹ تیم ملی فوتبال ایران با تیم ملی فوتبال سوریه در جام ملت‌های آسیا ۲۰۰۰,1379,1,23,https://fa.wikipedia.org/wiki/%D8%AF%DB%8C%D8%AF%D8%A7%D8%B1%D9%87%D8%A7%DB%8C_%D9%81%D9%88%D8%AA%D8%A8%D8%A7%D9%84_%D8%A7%DB%8C%D8%B1%D8%A7%D9%86_%D9%88_%D8%B3%D9%88%D8%B1%DB%8C%D9%87,,Event
حادثه ۲۳ فروردین ۱۳۸۶ هواگرد آموزشی,1386,1,23,https://fa.wikipedia.org/wiki/%D9%81%D9%87%D8%B1%D8%B3%D8%AA_%D8%B3%D8%A7%D9%86%D8%AD%D9%87%E2%80%8C%D9%87%D8%A7%DB%8C_%D9%87%D9%88%D8%A7%DB%8C%DB%8C_%D8%AF%D8%B1_%D8%A7%DB%8C%D8%B1%D8%A7%D9%86,,Event
انحلال سازمان مجاهدین انقلاب اسلامی ایران,1389,1,23,https://fa.wikipedia.org/wiki/%D8%B3%D8%A7%D8%B2%D9%85%D8%A7%D9%86_%D9%85%D8%AC%D8%A7%D9%87%D8%AF%DB%8C%D9%86_%D8%A7%D9%86%D9%82%D9%84%D8%A7%D8%A8_%D8%A7%D8%B3%D9%84%D8%A7%D9%85%DB%8C_%D8%A7%DB%8C%D8%B1%D8%A7%D9%86,,Event
آغاز مذاکرات غیرمستقیم ایران و آمریکا با میانجیگری عمان,1404,1,23,https://fa.wikipedia.org/wiki/%D9%85%D8%B0%D8%A7%DA%A9%D8%B1%D8%A7%D8%AA_%D8%A7%DB%8C%D8%B1%D8%A7%D9%86_%D9%88_%D8%A2%D9%85%D8%B1%DB%8C%DA%A9%D8%A7_%DB%B2%DB%B0%DB%B2%DB%B5,,Event
آغاز سومین سفر ناصرالدین‌شاه به اروپا,1268,1,24,https://fa.wikipedia.org/wiki/%D8%B3%D9%81%D8%B1%D9%87%D8%A7%DB%8C_%D9%86%D8%A7%D8%B5%D8%B1%D8%A7%D9%84%D8%AF%DB%8C%D9%86%E2%80%8C%D8%B4%D8%A7%D9%87_%D8%A8%D9%87_%D8%A7%D8%B1%D9%88%D9%BE%D8%A7,,Event
آغاز عملیات کربلای ۱۰,1366,1,25,https://fa.wikipedia.org/wiki/%D8%B9%D9%85%D9%84%DB%8C%D8%A7%D8%AA_%DA%A9%D8%B1%D8%A8%D9%84%D8%A7%DB%8C_%DB%B1%DB%B0,,Event
توافق‌نامه ژنو,1367,1,25,https://fa.wikipedia.org/wiki/%D8%AA%D9%88%D8%A7%D9%81%D9%82%D9%86%D8%A7%D9%85%D9%87_%DA%98%D9%86%D9%88_(%DB%B1%DB%B9%DB%B8%DB%B8),,Event
سیل ۱۳۹۶ شمال غرب ایران,1396,1,25,https://fa.wikipedia.org/wiki/%D8%B3%DB%8C%D9%84_%DB%B1%DB%B3%DB%B9%DB%B6_%D8%B4%D9%85%D8%A7%D9%84_%D8%BA%D8%B1%D8%A8_%D8%A7%DB%8C%D8%B1%D8%A7%D9%86,,Event
توقیف کشتی ام‌اس‌سی آریس توسط ایران,1403,1,25,https://fa.wikipedia.org/wiki/%D8%AA%D9%88%D9%82%DB%8C%D9%81_%DA%A9%D8%B4%D8%AA%DB%8C_%D8%A7%D9%85%E2%80%8C%D8%A7%D8%B3%E2%80%8C%D8%B3%DB%8C_%D8%A2%D8%B1%DB%8C%D8%B3_%D8%AA%D9%88%D8%B3%D8%B7_%D8%A7%DB%8C%D8%B1%D8%A7%D9%86,,Event
حمله هوایی ایران به اسرائیل,1403,1,25,https://fa.wikipedia.org/wiki/%D8%AD%D9%85%D9%84%D9%87_%D8%A2%D9%88%D8%B1%DB%8C%D9%84_%DB%B2%DB%B0%DB%B2%DB%B4_%D8%A7%DB%8C%D8%B1%D8%A7%D9%86_%D8%A8%D9%87_%D8%A7%D8%B3%D8%B1%D8%A7%D8%A6%DB%8C%D9%84,,Event
برگزاری انتخابات دوره دوم مجلس شورای اسلامی,1363,1,26,https://fa.wikipedia.org/wiki/%D8%AF%D9%88%D8%B1%D9%87_%D8%AF%D9%88%D9%85_%D9%85%D8%AC%D9%84%D8%B3_%D8%B4%D9%88%D8%B1%D8%A7%DB%8C_%D8%A7%D8%B3%D9%84%D8%A7%D9%85%DB%8C,,Event
آغاز ناآرامی‌های ۱۳۸۴ اهواز,1384,1,26,https://fa.wikipedia.org/wiki/%D9%86%D8%A7%D8%A2%D8%B1%D8%A7%D9%85%DB%8C%E2%80%8C%D9%87%D8%A7%DB%8C_%DB%B1%DB%B3%DB%B8%DB%B4_%D8%A7%D9%87%D9%88%D8%A7%D8%B2,,Event
رسانه‌های ایران به نقل از دادستان ماهشهر گزارش کردند که دست و پای یک زندانی که همدست یک سارق مسلح اعدام شده در این شهر بود، قطع شده‌ است,1386,1,26,https://fa.wikipedia.org/wiki/%D9%82%D8%B7%D8%B9_%D8%AF%D8%B3%D8%AA_%D8%AF%D8%B1_%D8%AC%D9%85%D9%87%D9%88%D8%B1%DB%8C_%D8%A7%D8%B3%D9%84%D8%A7%D9%85%DB%8C_%D8%A7%DB%8C%D8%B1%D8%A7%D9%86,,Event
حادثه ۲۶ فروردین ۱۳۸۷ فروند سوخو-۲۴ نهاجا,1387,1,26,https://fa.wikipedia.org/wiki/%D9%81%D9%87%D8%B1%D8%B3%D8%AA_%D8%B3%D8%A7%D9%86%D8%AD%D9%87%E2%80%8C%D9%87%D8%A7%DB%8C_%D9%87%D9%88%D8%A7%DB%8C%DB%8C_%D8%AF%D8%B1_%D8%A7%DB%8C%D8%B1%D8%A7%D9%86,,Event
آغاز اعتراضات ۱۳۹۰ خوزستان,1390,1,26,https://fa.wikipedia.org/wiki/%D8%A7%D8%B9%D8%AA%D8%B1%D8%A7%D8%B6%D8%A7%D8%AA_%DB%B1%DB%B3%DB%B9%DB%B0_%D8%AE%D9%88%D8%B2%D8%B3%D8%AA%D8%A7%D9%86,,Event
رسوایی جنسی دیپلمات جمهوری اسلامی در برزیل,1391,1,26,https://fa.wikipedia.org/wiki/%D8%B1%D8%B3%D9%88%D8%A7%DB%8C%DB%8C_%D8%AC%D9%86%D8%B3%DB%8C_%D8%AF%DB%8C%D9%BE%D9%84%D9%85%D8%A7%D8%AA_%D8%AC%D9%85%D9%87%D9%88%D8%B1%DB%8C_%D8%A7%D8%B3%D9%84%D8%A7%D9%85%DB%8C_%D8%AF%D8%B1_%D8%A8%D8%B1%D8%B2%DB%8C%D9%84,,Event
کشته شدن دو شهروند ایرانی توسط مرزبانی ترکیه,1400,1,26,https://fa.wikipedia.org/wiki/%DA%A9%D8%B4%D8%AA%D9%87_%D8%B4%D8%AF%D9%86_%D8%AF%D9%88_%D8%B4%D9%87%D8%B1%D9%88%D9%86%D8%AF_%D8%A7%DB%8C%D8%B1%D8%A7%D9%86%DB%8C_%D8%AA%D9%88%D8%B3%D8%B7_%D9%85%D8%B1%D8%B2%D8%A8%D8%A7%D9%86%DB%8C_%D8%AA%D8%B1%DA%A9%DB%8C%D9%87,,Event
زمین‌لرزه ۱۳۹۲ سراوان,1392,1,27,https://fa.wikipedia.org/wiki/%D8%B2%D9%85%DB%8C%D9%86%E2%80%8C%D9%84%D8%B1%D8%B2%D9%87_%DB%B1%DB%B3%DB%B9%DB%B2_%D8%B3%D8%B1%D8%A7%D9%88%D8%A7%D9%86,,Event
عروسکها,1346,1,28,https://fa.wikipedia.org/wiki/%D8%B9%D8%B1%D9%88%D8%B3%DA%A9%E2%80%8C%D9%87%D8%A7_(%D8%A8%D9%87%D8%B1%D8%A7%D9%85_%D8%A8%DB%8C%D8%B6%D8%A7%DB%8C%DB%8C),,Event
میدان باغ کرمان,1380,1,28,https://fa.wikipedia.org/wiki/%D9%85%DB%8C%D8%AF%D8%A7%D9%86_%D8%A8%D8%A7%D8%BA_(%D8%A7%D8%B1%DA%AF),,Event
موزه هنرهای معاصر فلسطین,1385,1,28,https://fa.wikipedia.org/wiki/%D9%85%D9%88%D8%B2%D9%87_%D9%87%D9%86%D8%B1%D9%87%D8%A7%DB%8C_%D9%85%D8%B9%D8%A7%D8%B5%D8%B1_%D9%81%D9%84%D8%B3%D8%B7%DB%8C%D9%86,,Event
پنج‌شنبه سیاه اوین,1393,1,28,https://fa.wikipedia.org/wiki/%D9%BE%D9%86%D8%AC%E2%80%8C%D8%B4%D9%86%D8%A8%D9%87_%D8%B3%DB%8C%D8%A7%D9%87_%D8%A7%D9%88%DB%8C%D9%86,,Event
حادثه ۲۸ فروردین ۱۳۹۷ فروند بالگرد,1397,1,28,https://fa.wikipedia.org/wiki/%D9%81%D9%87%D8%B1%D8%B3%D8%AA_%D8%B3%D8%A7%D9%86%D8%AD%D9%87%E2%80%8C%D9%87%D8%A7%DB%8C_%D9%87%D9%88%D8%A7%DB%8C%DB%8C_%D8%AF%D8%B1_%D8%A7%DB%8C%D8%B1%D8%A7%D9%86,,Event
اجرای حکم قطع دست یک متهم به سرقت و قتل در زندان عادل‌آباد شیراز,1396,1,29,https://fa.wikipedia.org/wiki/%D9%82%D8%B7%D8%B9_%D8%AF%D8%B3%D8%AA_%D8%AF%D8%B1_%D8%AC%D9%85%D9%87%D9%88%D8%B1%DB%8C_%D8%A7%D8%B3%D9%84%D8%A7%D9%85%DB%8C_%D8%A7%DB%8C%D8%B1%D8%A7%D9%86,,Event
زمین‌لرزه ۱۴۰۰ بندر گناوه,1400,1,29,https://fa.wikipedia.org/wiki/%D8%B2%D9%85%DB%8C%D9%86%E2%80%8C%D9%84%D8%B1%D8%B2%D9%87_%DB%B1%DB%B4%DB%B0%DB%B0_%D8%A8%D9%86%D8%AF%D8%B1_%DA%AF%D9%86%D8%A7%D9%88%D9%87,,Event
حادثه ۲۹ فروردین ۱۴۰۱ فروند بوئینگ ۷۳۷ هواپیمایی کاسپین,1401,1,29,https://fa.wikipedia.org/wiki/%D9%81%D9%87%D8%B1%D8%B3%D8%AA_%D8%B3%D8%A7%D9%86%D8%AD%D9%87%E2%80%8C%D9%87%D8%A7%DB%8C_%D9%87%D9%88%D8%A7%DB%8C%DB%8C_%D8%AF%D8%B1_%D8%A7%DB%8C%D8%B1%D8%A7%D9%86,,Event
آغاز نخستین سفر ناصرالدین‌شاه به اروپا,1252,1,30,https://fa.wikipedia.org/wiki/%D8%B3%D9%81%D8%B1%D9%87%D8%A7%DB%8C_%D9%86%D8%A7%D8%B5%D8%B1%D8%A7%D9%84%D8%AF%DB%8C%D9%86%E2%80%8C%D8%B4%D8%A7%D9%87_%D8%A8%D9%87_%D8%A7%D8%B1%D9%88%D9%BE%D8%A7,,Event
حادثه معدن باب نیزو,1388,1,30,https://fa.wikipedia.org/wiki/%D8%AD%D8%A7%D8%AF%D8%AB%D9%87_%D9%85%D8%B9%D8%AF%D9%86_%D8%A8%D8%A7%D8%A8_%D9%86%DB%8C%D8%B2%D9%88,,Event
رسوایی سیسمونی گیت,1401,1,30,https://fa.wikipedia.org/wiki/%D8%B3%DB%8C%D8%B3%D9%85%D9%88%D9%86%DB%8C_%DA%AF%DB%8C%D8%AA,,Event
آغاز اعتراضات ۱۴۰۱ مالباختگان ایران,1401,1,30,https://fa.wikipedia.org/wiki/%D8%A7%D8%B9%D8%AA%D8%B1%D8%A7%D8%B6%D8%A7%D8%AA_%DB%B1%DB%B4%DB%B0%DB%B1_%D9%85%D8%A7%D9%84%D8%A8%D8%A7%D8%AE%D8%AA%DA%AF%D8%A7%D9%86_%D8%A7%DB%8C%D8%B1%D8%A7%D9%86,,Event
حادثه ۳۱ فروردین ۱۳۸۴ فروند بوئینگ ۷۰۷ هواپیمایی ساها,1384,1,31,https://fa.wikipedia.org/wiki/%D9%81%D9%87%D8%B1%D8%B3%D8%AA_%D8%B3%D8%A7%D9%86%D8%AD%D9%87%E2%80%8C%D9%87%D8%A7%DB%8C_%D9%87%D9%88%D8%A7%DB%8C%DB%8C_%D8%AF%D8%B1_%D8%A7%DB%8C%D8%B1%D8%A7%D9%86,,Event
حمله اسرائیل به ایران,1403,1,31,https://fa.wikipedia.org/wiki/%D8%AD%D9%85%D9%84%D9%87_%D8%A7%D8%B3%D8%B1%D8%A7%D8%A6%DB%8C%D9%84_%D8%A8%D9%87_%D8%A7%DB%8C%D8%B1%D8%A7%D9%86,,Event
