Year,Wiki_URL
1300,https://fa.wikipedia.org/wiki/۱۳۰۰_(خورشیدی)
1301,https://fa.wikipedia.org/wiki/۱۳۰۱_(خورشیدی)
1302,https://fa.wikipedia.org/wiki/۱۳۰۲_(خورشیدی)
1303,https://fa.wikipedia.org/wiki/۱۳۰۳_(خورشیدی)
1304,https://fa.wikipedia.org/wiki/۱۳۰۴_(خورشیدی)
1305,https://fa.wikipedia.org/wiki/۱۳۰۵_(خورشیدی)
1306,https://fa.wikipedia.org/wiki/۱۳۰۶_(خورشیدی)
1307,https://fa.wikipedia.org/wiki/۱۳۰۷_(خورشیدی)
1308,https://fa.wikipedia.org/wiki/۱۳۰۸_(خورشیدی)
1309,https://fa.wikipedia.org/wiki/۱۳۰۹_(خورشیدی)
1310,https://fa.wikipedia.org/wiki/۱۳۱۰_(خورشیدی)
1311,https://fa.wikipedia.org/wiki/۱۳۱۱_(خورشیدی)
1312,https://fa.wikipedia.org/wiki/۱۳۱۲_(خورشیدی)
1313,https://fa.wikipedia.org/wiki/۱۳۱۳_(خورشیدی)
1314,https://fa.wikipedia.org/wiki/۱۳۱۴_(خورشیدی)
1315,https://fa.wikipedia.org/wiki/۱۳۱۵_(خورشیدی)
1316,https://fa.wikipedia.org/wiki/۱۳۱۶_(خورشیدی)
1317,https://fa.wikipedia.org/wiki/۱۳۱۷_(خورشیدی)
1318,https://fa.wikipedia.org/wiki/۱۳۱۸_(خورشیدی)
1319,https://fa.wikipedia.org/wiki/۱۳۱۹_(خورشیدی)
1320,https://fa.wikipedia.org/wiki/۱۳۲۰_(خورشیدی)
1321,https://fa.wikipedia.org/wiki/۱۳۲۱_(خورشیدی)
1322,https://fa.wikipedia.org/wiki/۱۳۲۲_(خورشیدی)
1323,https://fa.wikipedia.org/wiki/۱۳۲۳_(خورشیدی)
1324,https://fa.wikipedia.org/wiki/۱۳۲۴_(خورشیدی)
1325,https://fa.wikipedia.org/wiki/۱۳۲۵_(خورشیدی)
1326,https://fa.wikipedia.org/wiki/۱۳۲۶_(خورشیدی)
1327,https://fa.wikipedia.org/wiki/۱۳۲۷_(خورشیدی)
1328,https://fa.wikipedia.org/wiki/۱۳۲۸_(خورشیدی)
1329,https://fa.wikipedia.org/wiki/۱۳۲۹_(خورشیدی)
1330,https://fa.wikipedia.org/wiki/۱۳۳۰_(خورشیدی)
1331,https://fa.wikipedia.org/wiki/۱۳۳۱_(خورشیدی)
1332,https://fa.wikipedia.org/wiki/۱۳۳۲_(خورشیدی)
1333,https://fa.wikipedia.org/wiki/۱۳۳۳_(خورشیدی)
1334,https://fa.wikipedia.org/wiki/۱۳۳۴_(خورشیدی)
1335,https://fa.wikipedia.org/wiki/۱۳۳۵_(خورشیدی)
1336,https://fa.wikipedia.org/wiki/۱۳۳۶_(خورشیدی)
1337,https://fa.wikipedia.org/wiki/۱۳۳۷_(خورشیدی)
1338,https://fa.wikipedia.org/wiki/۱۳۳۸_(خورشیدی)
1339,https://fa.wikipedia.org/wiki/۱۳۳۹_(خورشیدی)
1340,https://fa.wikipedia.org/wiki/۱۳۴۰_(خورشیدی)
1341,https://fa.wikipedia.org/wiki/۱۳۴۱_(خورشیدی)
1342,https://fa.wikipedia.org/wiki/۱۳۴۲_(خورشیدی)
1343,https://fa.wikipedia.org/wiki/۱۳۴۳_(خورشیدی)
1344,https://fa.wikipedia.org/wiki/۱۳۴۴_(خورشیدی)
1345,https://fa.wikipedia.org/wiki/۱۳۴۵_(خورشیدی)
1346,https://fa.wikipedia.org/wiki/۱۳۴۶_(خورشیدی)
1347,https://fa.wikipedia.org/wiki/۱۳۴۷_(خورشیدی)
1348,https://fa.wikipedia.org/wiki/۱۳۴۸_(خورشیدی)
1349,https://fa.wikipedia.org/wiki/۱۳۴۹_(خورشیدی)
1350,https://fa.wikipedia.org/wiki/۱۳۵۰_(خورشیدی)
1351,https://fa.wikipedia.org/wiki/۱۳۵۱_(خورشیدی)
1352,https://fa.wikipedia.org/wiki/۱۳۵۲_(خورشیدی)
1353,https://fa.wikipedia.org/wiki/۱۳۵۳_(خورشیدی)
1354,https://fa.wikipedia.org/wiki/۱۳۵۴_(خورشیدی)
1355,https://fa.wikipedia.org/wiki/۱۳۵۵_(خورشیدی)
1356,https://fa.wikipedia.org/wiki/۱۳۵۶_(خورشیدی)
1357,https://fa.wikipedia.org/wiki/۱۳۵۷_(خورشیدی)
1358,https://fa.wikipedia.org/wiki/۱۳۵۸_(خورشیدی)
1359,https://fa.wikipedia.org/wiki/۱۳۵۹_(خورشیدی)
1360,https://fa.wikipedia.org/wiki/۱۳۶۰_(خورشیدی)
1361,https://fa.wikipedia.org/wiki/۱۳۶۱_(خورشیدی)
1362,https://fa.wikipedia.org/wiki/۱۳۶۲_(خورشیدی)
1363,https://fa.wikipedia.org/wiki/۱۳۶۳_(خورشیدی)
1364,https://fa.wikipedia.org/wiki/۱۳۶۴_(خورشیدی)
1365,https://fa.wikipedia.org/wiki/۱۳۶۵_(خورشیدی)
1366,https://fa.wikipedia.org/wiki/۱۳۶۶_(خورشیدی)
1367,https://fa.wikipedia.org/wiki/۱۳۶۷_(خورشیدی)
1368,https://fa.wikipedia.org/wiki/۱۳۶۸_(خورشیدی)
1369,https://fa.wikipedia.org/wiki/۱۳۶۹_(خورشیدی)
1370,https://fa.wikipedia.org/wiki/۱۳۷۰_(خورشیدی)
1371,https://fa.wikipedia.org/wiki/۱۳۷۱_(خورشیدی)
1372,https://fa.wikipedia.org/wiki/۱۳۷۲_(خورشیدی)
1373,https://fa.wikipedia.org/wiki/۱۳۷۳_(خورشیدی)
1374,https://fa.wikipedia.org/wiki/۱۳۷۴_(خورشیدی)
1375,https://fa.wikipedia.org/wiki/۱۳۷۵_(خورشیدی)
1376,https://fa.wikipedia.org/wiki/۱۳۷۶_(خورشیدی)
1377,https://fa.wikipedia.org/wiki/۱۳۷۷_(خورشیدی)
1378,https://fa.wikipedia.org/wiki/۱۳۷۸_(خورشیدی)
1379,https://fa.wikipedia.org/wiki/۱۳۷۹_(خورشیدی)
1380,https://fa.wikipedia.org/wiki/۱۳۸۰_(خورشیدی)
1381,https://fa.wikipedia.org/wiki/۱۳۸۱_(خورشیدی)
1382,https://fa.wikipedia.org/wiki/۱۳۸۲_(خورشیدی)
1383,https://fa.wikipedia.org/wiki/۱۳۸۳_(خورشیدی)
1384,https://fa.wikipedia.org/wiki/۱۳۸۴_(خورشیدی)
1385,https://fa.wikipedia.org/wiki/۱۳۸۵_(خورشیدی)
1386,https://fa.wikipedia.org/wiki/۱۳۸۶_(خورشیدی)
1387,https://fa.wikipedia.org/wiki/۱۳۸۷_(خورشیدی)
1388,https://fa.wikipedia.org/wiki/۱۳۸۸_(خورشیدی)
1389,https://fa.wikipedia.org/wiki/۱۳۸۹_(خورشیدی)
1390,https://fa.wikipedia.org/wiki/۱۳۹۰_(خورشیدی)
1391,https://fa.wikipedia.org/wiki/۱۳۹۱_(خورشیدی)
1392,https://fa.wikipedia.org/wiki/۱۳۹۲_(خورشیدی)
1393,https://fa.wikipedia.org/wiki/۱۳۹۳_(خورشیدی)
1394,https://fa.wikipedia.org/wiki/۱۳۹۴_(خورشیدی)
1395,https://fa.wikipedia.org/wiki/۱۳۹۵_(خورشیدی)
1396,https://fa.wikipedia.org/wiki/۱۳۹۶_(خورشیدی)
1397,https://fa.wikipedia.org/wiki/۱۳۹۷_(خورشیدی)
1398,https://fa.wikipedia.org/wiki/۱۳۹۸_(خورشیدی)
1399,https://fa.wikipedia.org/wiki/۱۳۹۹_(خورشیدی)
1400,https://fa.wikipedia.org/wiki/۱۴۰۰_(خورشیدی)
1401,https://fa.wikipedia.org/wiki/۱۴۰۱_(خورشیدی)
1402,https://fa.wikipedia.org/wiki/۱۴۰۲_(خورشیدی)
1403,https://fa.wikipedia.org/wiki/۱۴۰۳_(خورشیدی)
